City,TemperatureC,TemperatureF
 Brisbane ,16.962500000000002,62.5
 Canberra ,13.9375,57.083333333333336
 Darwin ,25.808333333333334,78.5
 Hobart ,11.695833333333333,53.083333333333336
 Melbourne ,15.1875,59.333333333333336
 Perth ,12.354166666666666,54.25
 Sydney ,19.666666666666668,67.41666666666667
